Keyword,Title Tag,Meta Description,URL Slug,H1,H2,CTA,Image Alt Text,Internal Links,External Links
Hydrating Face Serum,Best Hydrating Face Serum for Glowing Skin | GreenGlow,"Discover GreenGlow’s hydrating serum with hyaluronic acid for dewy, plump skin. Safe for all skin types.",/hydrating-face-serum,The Science Behind Hydrating Face Serums,Key Ingredients; How to Use,Shop Hydrating Serum,GreenGlow serum bottle on marble background,/skin-barrier-repair,Healthline
Vitamin C Serum Benefits,Vitamin C Serum: Brighten & Even Skin Tone | GreenGlow,GreenGlow’s vitamin C serum reduces dark spots and boosts collagen with natural ingredients.,/vitamin-c-serum-benefits,Why Your Skin Needs Vitamin C,Benefits; Best Application Time,Try Our Vitamin C Serum,Citrus fruits with serum dropper,/natural-anti-aging,Dermstore
Gentle Cleanser Sensitive Skin,Best Gentle Cleanser for Sensitive Skin | GreenGlow,"Fragrance-free, pH-balanced cleanser that soothes sensitive skin without stripping moisture.",/gentle-cleanser-sensitive-skin,Calm Your Skin with Our Gentle Cleanser,Why It Works; Customer Reviews,Buy Now,Cleanser bottle with chamomile,/organic-skincare-sensitive-skin,EWG
Natural Sunscreen for Face,Reef-Safe Mineral Sunscreen for Face | GreenGlow,Non-nano zinc oxide sunscreen protects without harsh chemicals. Safe for skin & oceans.,/natural-sunscreen-face,Why Mineral Sunscreen is Essential,Application Tips; Reef-Safe Formula,Shop Sunscreen,Sunscreen on beach towel,/eco-friendly-packaging,NOAA Ocean Service
Vegan Skincare Routine,Complete Vegan Skincare Routine Guide | GreenGlow,"Step-by-step vegan routine with cruelty-free, plant-based products for radiant skin.",/vegan-skincare-routine,The Ultimate Vegan Skincare Routine,Morning vs Night Routine; Product Picks,Explore Vegan Collection,Vegan products with leafy background,/cruelty-free-skincare,PETA
Skin Barrier Repair,Repair Your Skin Barrier Naturally | GreenGlow,Ceramide-rich formulas strengthen skin barrier. Ideal for dryness and sensitivity.,/skin-barrier-repair,How to Restore Your Skin Barrier,Signs of Damage; Repair Ingredients,Get Barrier Repair Cream,Cream jar with oat extracts,/hydrating-face-serum,National Eczema Assoc
Exfoliating Face Mask,Natural Exfoliating Face Mask for Glow | GreenGlow,"Gently remove dead skin with fruit enzymes. Reveals brighter, smoother complexion.",/exfoliating-face-mask,The Power of Gentle Exfoliation,How Often to Use; DIY Alternatives,Buy Exfoliating Mask,Mask with pineapple illustration,/natural-anti-aging,American Academy of Derm
Organic Skincare Sensitive Skin,Organic Skincare for Sensitive Skin | GreenGlow,Soothing botanicals calm irritation without synthetic additives. Dermatologist-tested.,/organic-skincare-sensitive-skin,Gentle Organic Solutions for Sensitive Skin,Key Ingredients; Routine Tips,Try Sensitive Skin Kit,Aloe vera plant with products,/gentle-cleanser-sensitive-skin,EWG Skin Deep
Natural Anti-Aging Skincare,Botanicals That Fight Aging | GreenGlow,Plant-powered anti-aging solutions reduce wrinkles and boost elasticity naturally.,/natural-anti-aging-skincare,Age Gracefully with Nature’s Ingredients,Top Anti-Aging Ingredients; Routine,Shop Anti-Aging Line,Serum with rosehip oil,/vitamin-c-serum-benefits,Harvard Health
Cruelty-Free Skincare,Why Cruelty-Free Skincare Matters | GreenGlow,GreenGlow’s Leaping Bunny certified products are never tested on animals.,/cruelty-free-skincare,The Truth About Cruelty-Free Beauty,Certification Process; Ethical Brands,Explore Our Values,Bunny logo with skincare bottles,/vegan-skincare-routine,Leaping Bunny
Natural Face Moisturizer,Best Natural Face Moisturizer for Glowing Skin,Hydrate skin naturally with GreenGlow's plant-based moisturizer. Safe for all skin types.,/natural-face-moisturizer,Why Natural Moisturizers Work Better,Key Ingredients; How to Apply,Shop Now,GreenGlow moisturizer with aloe leaf,/skin-barrier-repair,Healthline
Anti-Acne Routine,Clear Skin Naturally: Anti-Acne Skincare Guide,"Gentle, natural solutions for acne-prone skin. Dermatologist-approved ingredients.",/anti-acne-skincare-routine,Effective Natural Acne Solutions,Causes of Breakouts; Best Natural Ingredients,Try Our Acne Kit,Tea tree acne products,/gentle-cleanser,American Academy of Dermatology
Natural Eye Cream,Dark Circle Solution: Natural Eye Cream,Reduce puffiness & dark circles with caffeine-infused natural eye cream.,/natural-eye-cream,Banishing Dark Circles Naturally,Key Benefits; Application Techniques,Shop Eye Cream,Cucumber eye cream jar,/anti-aging-skincare,Allure
Natural Lip Balm,Ultra-Nourishing Natural Lip Balm,Heal dry lips with our organic beeswax & vitamin E lip balm. Cruelty-free & effective.,/natural-lip-balm,The Perfect Natural Lip Treatment,Why Your Lips Need Protection; Healing Ingredients,Get Lip Balm,Lip balm with honey,/vegan-skincare,EWG
Natural Face Toner,Balancing Natural Face Toner for All Skin,pH-balancing toner with witch hazel & rose water. Alcohol-free & soothing.,/natural-face-toner,Why Toner is Essential,Benefits; How to Incorporate in Routine,Shop Toner,Rose water toner spray,/daily-skincare-routine,Dermstore
Natural Face Oils,Glow-Boosting Natural Face Oils,Luxurious plant oils for radiant skin. Rich in antioxidants & essential fatty acids.,/natural-face-oils,The Magic of Facial Oils,Best Oils for Your Skin Type; Application Tips,Try Our Face Oils,Jojoba oil dropper,/anti-aging-skincare,Healthline
Natural Body Scrub,Exfoliating Natural Body Scrub,Sugar-based scrub with essential oils for silky smooth skin. Eco-friendly formula.,/natural-body-scrub,Refresh Your Skin Naturally,DIY Alternative Recipes; How Often to Exfoliate,Shop Body Scrub,Sugar scrub with lemon,/eco-friendly-packaging,Allure
Natural Face Masks,Custom Natural Face Masks for Every Concern,"Clay, charcoal & botanical masks tailored for your skin needs.",/natural-face-masks,Find Your Perfect Face Mask,Types of Masks; Targeted Solutions,Explore Masks,Clay mask with herbs,/skincare-routine,Dermstore
Natural Night Cream,Overnight Skin Repair Night Cream,Wake up to rejuvenated skin with our nourishing natural night cream.,/natural-night-cream,The Power of Nighttime Repair,Key Ingredients; How It Works While You Sleep,Shop Night Cream,Night cream with lavender,/anti-aging-skincare,Healthline
Natural Face Mist,Hydrating Natural Face Mist On-The-Go,Instant refreshment with aloe & floral waters. Perfect for desk or travel.,/natural-face-mist,Skin Refreshment Anytime,Benefits; How to Use Throughout the Day,Try Face Mist,Rose water mist bottle,/daily-skincare-routine,EWG